Number,Number2,Pokemon,Type1,Type2,Type Combined,,,
#001,#001,Bulbasaur,Grass,Poison,GrassPoison,,,
#002,#002,Ivysaur,Grass,Poison,GrassPoison,,,
#003,#003,Venusaur,Grass,Poison,GrassPoison,,,
#004,#004,Charmander,Fire,,Fire,,,
#005,#005,Charmeleon,Fire,,Fire,,,
#006,#006,Charizard,Fire,Flying,FireFlying,,,
#007,#007,Squirtle,Water,,Water,,,
#008,#008,Wartortle,Water,,Water,,,
#009,#009,Blastoise,Water,,Water,,,
#010,#010,Caterpie,Bug,,Bug,,,
#011,#011,Metapod,Bug,,Bug,,,
#012,#012,Butterfree,Bug,Flying,BugFlying,,,
#013,#013,Weedle,Bug,Poison,BugPoison,,,
#014,#014,Kakuna,Bug,Poison,BugPoison,,,
#015,#015,Beedrill,Bug,Poison,BugPoison,,,
#016,#016,Pidgey,Normal,Flying,NormalFlying,,,
#017,#017,Pidgeotto,Normal,Flying,NormalFlying,,,
#018,#018,Pidgeot,Normal,Flying,NormalFlying,,,
#019,#019,Rattata,Normal,,Normal,,,
#020,#020,Raticate,Normal,,Normal,,,
#021,#021,Spearow,Normal,Flying,NormalFlying,,,
#022,#022,Fearow,Normal,Flying,NormalFlying,,,
#023,#023,Ekans,Poison,,Poison,,,
#024,#024,Arbok,Poison,,Poison,,,
#025,#025,Pikachu,Electric,,Electric,,,
#026,#026,Raichu,Electric,,Electric,,,
#027,#027,Sandshrew,Ground,,Ground,,,
#028,#028,Sandslash,Ground,,Ground,,,
#029,#029,Nidoran♀,Poison,,Poison,,,
#030,#030,Nidorina,Poison,,Poison,,,
#031,#031,Nidoqueen,Poison,Ground,PoisonGround,,,
#032,#032,Nidoran♂,Poison,,Poison,,,
#033,#033,Nidorino,Poison,,Poison,,,
#034,#034,Nidoking,Poison,Ground,PoisonGround,,,
#035,#035,Clefairy,Fairy,,Fairy,,,
#036,#036,Clefable,Fairy,,Fairy,,,
#037,#037,Vulpix,Fire,,Fire,,,
#038,#038,Ninetales,Fire,,Fire,,,
#039,#039,Jigglypuff,Normal,Fairy,NormalFairy,,,
#040,#040,Wigglytuff,Normal,Fairy,NormalFairy,,,
#041,#041,Zubat,Poison,Flying,PoisonFlying,,,
#042,#042,Golbat,Poison,Flying,PoisonFlying,,,
#043,#043,Oddish,Grass,Poison,GrassPoison,,,
#044,#044,Gloom,Grass,Poison,GrassPoison,,,
#045,#045,Vileplume,Grass,Poison,GrassPoison,,,
#046,#046,Paras,Bug,Grass,BugGrass,,,
#047,#047,Parasect,Bug,Grass,BugGrass,,,
#048,#048,Venonat,Bug,Poison,BugPoison,,,
#049,#049,Venomoth,Bug,Poison,BugPoison,,,
#050,#050,Diglett,Ground,,Ground,,,
#051,#051,Dugtrio,Ground,,Ground,,,
#052,#052,Meowth,Normal,,Normal,,,
#053,#053,Persian,Normal,,Normal,,,
#054,#054,Psyduck,Water,,Water,,,
#055,#055,Golduck,Water,,Water,,,
#056,#056,Mankey,Fighting,,Fighting,,,
#057,#057,Primeape,Fighting,,Fighting,,,
#058,#058,Growlithe,Fire,,Fire,,,
#059,#059,Arcanine,Fire,,Fire,,,
#060,#060,Poliwag,Water,,Water,,,
#061,#061,Poliwhirl,Water,,Water,,,
#062,#062,Poliwrath,Water,Fighting,WaterFighting,,,
#063,#063,Abra,Psychic,,Psychic,,,
#064,#064,Kadabra,Psychic,,Psychic,,,
#065,#065,Alakazam,Psychic,,Psychic,,,
#066,#066,Machop,Fighting,,Fighting,,,
#067,#067,Machoke,Fighting,,Fighting,,,
#068,#068,Machamp,Fighting,,Fighting,,,
#069,#069,Bellsprout,Grass,Poison,GrassPoison,,,
#070,#070,Weepinbell,Grass,Poison,GrassPoison,,,
#071,#071,Victreebel,Grass,Poison,GrassPoison,,,
#072,#072,Tentacool,Water,Poison,WaterPoison,,,
#073,#073,Tentacruel,Water,Poison,WaterPoison,,,
#074,#074,Geodude,Rock,Ground,RockGround,,,
#075,#075,Graveler,Rock,Ground,RockGround,,,
#076,#076,Golem,Rock,Ground,RockGround,,,
#077,#077,Ponyta,Fire,,Fire,,,
#078,#078,Rapidash,Fire,,Fire,,,
#079,#079,Slowpoke,Water,Psychic,WaterPsychic,,,
#080,#080,Slowbro,Water,Psychic,WaterPsychic,,,
#081,#081,Magnemite,Electric,Steel,ElectricSteel,,,
#082,#082,Magneton,Electric,Steel,ElectricSteel,,,
#083,#083,Farfetch'd,Normal,Flying,NormalFlying,,,
#084,#084,Doduo,Normal,Flying,NormalFlying,,,
#085,#085,Dodrio,Normal,Flying,NormalFlying,,,
#086,#086,Seel,Water,,Water,,,
#087,#087,Dewgong,Water,Ice,WaterIce,,,
#088,#088,Grimer,Poison,,Poison,,,
#089,#089,Muk,Poison,,Poison,,,
#090,#090,Shellder,Water,,Water,,,
#091,#091,Cloyster,Water,Ice,WaterIce,,,
#092,#092,Gastly,Ghost,Poison,GhostPoison,,,
#093,#093,Haunter,Ghost,Poison,GhostPoison,,,
#094,#094,Gengar,Ghost,Poison,GhostPoison,,,
#095,#095,Onix,Rock,Ground,RockGround,,,
#096,#096,Drowzee,Psychic,,Psychic,,,
#097,#097,Hypno,Psychic,,Psychic,,,
#098,#098,Krabby,Water,,Water,,,
#099,#099,Kingler,Water,,Water,,,
#100,#100,Voltorb,Electric,,Electric,,,
#101,#101,Electrode,Electric,,Electric,,,
#102,#102,Exeggcute,Grass,Psychic,GrassPsychic,,,
#103,#103,Exeggutor,Grass,Psychic,GrassPsychic,,,
#104,#104,Cubone,Ground,,Ground,,,
#105,#105,Marowak,Ground,,Ground,,,
#106,#106,Hitmonlee,Fighting,,Fighting,,,
#107,#107,Hitmonchan,Fighting,,Fighting,,,
#108,#108,Lickitung,Normal,,Normal,,,
#109,#109,Koffing,Poison,,Poison,,,
#110,#110,Weezing,Poison,,Poison,,,
#111,#111,Rhyhorn,Ground,Rock,GroundRock,,,
#112,#112,Rhydon,Ground,Rock,GroundRock,,,
#113,#113,Chansey,Normal,,Normal,,,
#114,#114,Tangela,Grass,,Grass,,,
#115,#115,Kangaskhan,Normal,,Normal,,,
#116,#116,Horsea,Water,,Water,,,
#117,#117,Seadra,Water,,Water,,,
#118,#118,Goldeen,Water,,Water,,,
#119,#119,Seaking,Water,,Water,,,
#120,#120,Staryu,Water,,Water,,,
#121,#121,Starmie,Water,Psychic,WaterPsychic,,,
#122,#122,Mr. Mime,Psychic,Fairy,PsychicFairy,,,
#123,#123,Scyther,Bug,Flying,BugFlying,,,
#124,#124,Jynx,Ice,Psychic,IcePsychic,,,
#125,#125,Electabuzz,Electric,,Electric,,,
#126,#126,Magmar,Fire,,Fire,,,
#127,#127,Pinsir,Bug,,Bug,,,
#128,#128,Tauros,Normal,,Normal,,,
#129,#129,Magikarp,Water,,Water,,,
#130,#130,Gyarados,Water,Flying,WaterFlying,,,
#131,#131,Lapras,Water,Ice,WaterIce,,,
#132,#132,Ditto,Normal,,Normal,,,
#133,#133,Eevee,Normal,,Normal,,,
#134,#134,Vaporeon,Water,,Water,,,
#135,#135,Jolteon,Electric,,Electric,,,
#136,#136,Flareon,Fire,,Fire,,,
#137,#137,Porygon,Normal,,Normal,,,
#138,#138,Omanyte,Rock,Water,RockWater,,,
#139,#139,Omastar,Rock,Water,RockWater,,,
#140,#140,Kabuto,Rock,Water,RockWater,,,
#141,#141,Kabutops,Rock,Water,RockWater,,,
#142,#142,Aerodactyl,Rock,Flying,RockFlying,,,
#143,#143,Snorlax,Normal,,Normal,,,
#144,#144,Articuno,Ice,Flying,IceFlying,,,
#145,#145,Zapdos,Electric,Flying,ElectricFlying,,,
#146,#146,Moltres,Fire,Flying,FireFlying,,,
#147,#147,Dratini,Dragon,,Dragon,,,
#148,#148,Dragonair,Dragon,,Dragon,,,
#149,#149,Dragonite,Dragon,Flying,DragonFlying,,,
#150,#150,Mewtwo,Psychic,,Psychic,,,
#151,#151,Mew,Psychic,,Psychic,,,
#001,#152,Chikorita,Grass,,Grass,,,
#002,#153,Bayleef,Grass,,Grass,,,
#003,#154,Meganium,Grass,,Grass,,,
#004,#155,Cyndaquil,Fire,,Fire,,,
#005,#156,Quilava,Fire,,Fire,,,
#006,#157,Typhlosion,Fire,,Fire,,,
#007,#158,Totodile,Water,,Water,,,
#008,#159,Croconaw,Water,,Water,,,
#009,#160,Feraligatr,Water,,Water,,,
#019,#161,Sentret,Normal,,Normal,,,
#020,#162,Furret,Normal,,Normal,,,
#015,#163,Hoothoot,Normal,Flying,NormalFlying,,,
#016,#164,Noctowl,Normal,Flying,NormalFlying,,,
#030,#165,Ledyba,Bug,Flying,BugFlying,,,
#031,#166,Ledian,Bug,Flying,BugFlying,,,
#032,#167,Spinarak,Bug,Poison,BugPoison,,,
#033,#168,Ariados,Bug,Poison,BugPoison,,,
#039,#169,Crobat,Poison,Flying,PoisonFlying,,,
#176,#170,Chinchou,Water,Electric,WaterElectric,,,
#177,#171,Lanturn,Water,Electric,WaterElectric,,,
#021,#172,Pichu,Electric,,Electric,,,
#040,#173,Cleffa,Fairy,,Fairy,,,
#044,#174,Igglybuff,Normal,Fairy,NormalFairy,,,
#046,#175,Togepi,Fairy,,Fairy,,,
#047,#176,Togetic,Fairy,Flying,FairyFlying,,,
#161,#177,Natu,Psychic,Flying,PsychicFlying,,,
#162,#178,Xatu,Psychic,Flying,PsychicFlying,,,
#053,#179,Mareep,Electric,,Electric,,,
#054,#180,Flaaffy,Electric,,Electric,,,
#055,#181,Ampharos,Electric,,Electric,,,
#086,#182,Bellossom,Grass,,Grass,,,
#132,#183,Marill,Water,Fairy,WaterFairy,,,
#133,#184,Azumarill,Water,Fairy,WaterFairy,,,
#107,#185,Sudowoodo,Rock,,Rock,,,
#075,#186,Politoed,Water,,Water,,,
#067,#187,Hoppip,Grass,Flying,GrassFlying,,,
#068,#188,Skiploom,Grass,Flying,GrassFlying,,,
#069,#189,Jumpluff,Grass,Flying,GrassFlying,,,
#123,#190,Aipom,Normal,,Normal,,,
#103,#191,Sunkern,Grass,,Grass,,,
#104,#192,Sunflora,Grass,,Grass,,,
#101,#193,Yanma,Bug,Flying,BugFlying,,,
#056,#194,Wooper,Water,Ground,WaterGround,,,
#057,#195,Quagsire,Water,Ground,WaterGround,,,
#188,#196,Espeon,Psychic,,Psychic,,,
#189,#197,Umbreon,Dark,,Dark,,,
#213,#198,Murkrow,Dark,Flying,DarkFlying,,,
#082,#199,Slowking,Water,Psychic,WaterPsychic,,,
#219,#200,Misdreavus,Ghost,,Ghost,,,
#061,#201,Unown,Psychic,,Psychic,,,
#108,#202,Wobbuffet,Psychic,,Psychic,,,
#149,#203,Girafarig,Normal,Psychic,NormalPsychic,,,
#093,#204,Pineco,Bug,,Bug,,,
#094,#205,Forretress,Bug,Steel,BugSteel,,,
#052,#206,Dunsparce,Normal,,Normal,,,
#193,#207,Gligar,Ground,Flying,GroundFlying,,,
#063,#208,Steelix,Steel,Ground,SteelGround,,,
#125,#209,Snubbull,Fairy,,Fairy,,,
#126,#210,Granbull,Fairy,,Fairy,,,
#163,#211,Qwilfish,Water,Poison,WaterPoison,,,
#112,#212,Scizor,Bug,Steel,BugSteel,,,
#168,#213,Shuckle,Bug,Rock,BugRock,,,
#114,#214,Heracross,Bug,Fighting,BugFighting,,,
#218,#215,Sneasel,Dark,Ice,DarkIce,,,
#198,#216,Teddiursa,Normal,,Normal,,,
#199,#217,Ursaring,Normal,,Normal,,,
#216,#218,Slugma,Fire,,Fire,,,
#217,#219,Magcargo,Fire,Rock,FireRock,,,
#195,#220,Swinub,Ice,Ground,IceGround,,,
#196,#221,Piloswine,Ice,Ground,IceGround,,,
#173,#222,Corsola,Water,Rock,WaterRock,,,
#174,#223,Remoraid,Water,,Water,,,
#175,#224,Octillery,Water,,Water,,,
#194,#225,Delibird,Ice,Flying,IceFlying,,,
#202,#226,Mantine,Water,Flying,WaterFlying,,,
#203,#227,Skarmory,Steel,Flying,SteelFlying,,,
#214,#228,Houndour,Dark,Fire,DarkFire,,,
#215,#229,Houndoom,Dark,Fire,DarkFire,,,
#192,#230,Kingdra,Water,Dragon,WaterDragon,,,
#200,#231,Phanpy,Ground,,Ground,,,
#201,#232,Donphan,Ground,,Ground,,,
#221,#233,Porygon2,Normal,,Normal,,,
#131,#234,Stantler,Normal,,Normal,,,
#159,#235,Smeargle,Normal,,Normal,,,
#145,#236,Tyrogue,Fighting,,Fighting,,,
#148,#237,Hitmontop,Fighting,,Fighting,,,
#154,#238,Smoochum,Ice,Psychic,IcePsychic,,,
#156,#239,Elekid,Electric,,Electric,,,
#152,#240,Magby,Fire,,Fire,,,
#151,#241,Miltank,Normal,,Normal,,,
#223,#242,Blissey,Normal,,Normal,,,
#243,#243,Raikou,Electric,,Electric,,,
#244,#244,Entei,Fire,,Fire,,,
#245,#245,Suicune,Water,,Water,,,
#249,#246,Larvitar,Rock,Ground,RockGround,,,
#250,#247,Pupitar,Rock,Ground,RockGround,,,
#251,#248,Tyranitar,Rock,Dark,RockDark,,,
#252,#249,Lugia,Psychic,Flying,PsychicFlying,,,
#253,#250,Ho-Oh,Fire,Flying,FireFlying,,,
#256,#251,Celebi,Psychic,Grass,PsychicGrass,,,
#001,#252,Treecko,Grass,,Grass,,,
#002,#253,Grovyle,Grass,,Grass,,,
#003,#254,Sceptile,Grass,,Grass,,,
#004,#255,Torchic,Fire,,Fire,,,
#005,#256,Combusken,Fire,Fighting,FireFighting,,,
#006,#257,Blaziken,Fire,Fighting,FireFighting,,,
#007,#258,Mudkip,Water,,Water,,,
#008,#259,Marshtomp,Water,Ground,WaterGround,,,
#009,#260,Swampert,Water,Ground,WaterGround,,,
#010,#261,Poochyena,Dark,,Dark,,,
#011,#262,Mightyena,Dark,,Dark,,,
#012,#263,Zigzagoon,Normal,,Normal,,,
#013,#264,Linoone,Normal,,Normal,,,
#014,#265,Wurmple,Bug,,Bug,,,
#015,#266,Silcoon,Bug,,Bug,,,
#016,#267,Beautifly,Bug,Flying,BugFlying,,,
#017,#268,Cascoon,Bug,,Bug,,,
#018,#269,Dustox,Bug,Poison,BugPoison,,,
#019,#270,Lotad,Water,Grass,WaterGrass,,,
#020,#271,Lombre,Water,Grass,WaterGrass,,,
#021,#272,Ludicolo,Water,Grass,WaterGrass,,,
#022,#273,Seedot,Grass,,Grass,,,
#023,#274,Nuzleaf,Grass,Dark,GrassDark,,,
#024,#275,Shiftry,Grass,Dark,GrassDark,,,
#025,#276,Taillow,Normal,Flying,NormalFlying,,,
#026,#277,Swellow,Normal,Flying,NormalFlying,,,
#027,#278,Wingull,Water,Flying,WaterFlying,,,
#028,#279,Pelipper,Water,Flying,WaterFlying,,,
#029,#280,Ralts,Psychic,Fairy,PsychicFairy,,,
#030,#281,Kirlia,Psychic,Fairy,PsychicFairy,,,
#031,#282,Gardevoir,Psychic,Fairy,PsychicFairy,,,
#032,#283,Surskit,Bug,Water,BugWater,,,
#033,#284,Masquerain,Bug,Flying,BugFlying,,,
#034,#285,Shroomish,Grass,,Grass,,,
#035,#286,Breloom,Grass,Fighting,GrassFighting,,,
#036,#287,Slakoth,Normal,,Normal,,,
#037,#288,Vigoroth,Normal,,Normal,,,
#038,#289,Slaking,Normal,,Normal,,,
#042,#290,Nincada,Bug,Ground,BugGround,,,
#043,#291,Ninjask,Bug,Flying,BugFlying,,,
#044,#292,Shedinja,Bug,Ghost,BugGhost,,,
#045,#293,Whismur,Normal,,Normal,,,
#046,#294,Loudred,Normal,,Normal,,,
#047,#295,Exploud,Normal,,Normal,,,
#048,#296,Makuhita,Fighting,,Fighting,,,
#049,#297,Hariyama,Fighting,,Fighting,,,
#054,#298,Azurill,Normal,Fairy,NormalFairy,,,
#060,#299,Nosepass,Rock,,Rock,,,
#061,#300,Skitty,Normal,,Normal,,,
#062,#301,Delcatty,Normal,,Normal,,,
#068,#302,Sableye,Dark,Ghost,DarkGhost,,,
#069,#303,Mawile,Steel,Fairy,SteelFairy,,,
#070,#304,Aron,Steel,Rock,SteelRock,,,
#071,#305,Lairon,Steel,Rock,SteelRock,,,
#072,#306,Aggron,Steel,Rock,SteelRock,,,
#076,#307,Meditite,Fighting,Psychic,FightingPsychic,,,
#077,#308,Medicham,Fighting,Psychic,FightingPsychic,,,
#078,#309,Electrike,Electric,,Electric,,,
#079,#310,Manectric,Electric,,Electric,,,
#080,#311,Plusle,Electric,,Electric,,,
#081,#312,Minun,Electric,,Electric,,,
#086,#313,Volbeat,Bug,,Bug,,,
#087,#314,Illumise,Bug,,Bug,,,
#094,#315,Roselia,Grass,Poison,GrassPoison,,,
#095,#316,Gulpin,Poison,,Poison,,,
#096,#317,Swalot,Poison,,Poison,,,
#097,#318,Carvanha,Water,Dark,WaterDark,,,
#098,#319,Sharpedo,Water,Dark,WaterDark,,,
#099,#320,Wailmer,Water,,Water,,,
#100,#321,Wailord,Water,,Water,,,
#101,#322,Numel,Fire,Ground,FireGround,,,
#102,#323,Camerupt,Fire,Ground,FireGround,,,
#105,#324,Torkoal,Fire,,Fire,,,
#110,#325,Spoink,Psychic,,Psychic,,,
#111,#326,Grumpig,Psychic,,Psychic,,,
#114,#327,Spinda,Normal,,Normal,,,
#116,#328,Trapinch,Ground,,Ground,,,
#117,#329,Vibrava,Ground,Dragon,GroundDragon,,,
#118,#330,Flygon,Ground,Dragon,GroundDragon,,,
#119,#331,Cacnea,Grass,,Grass,,,
#120,#332,Cacturne,Grass,Dark,GrassDark,,,
#121,#333,Swablu,Normal,Flying,NormalFlying,,,
#122,#334,Altaria,Dragon,Flying,DragonFlying,,,
#123,#335,Zangoose,Normal,,Normal,,,
#124,#336,Seviper,Poison,,Poison,,,
#125,#337,Lunatone,Rock,Psychic,RockPsychic,,,
#126,#338,Solrock,Rock,Psychic,RockPsychic,,,
#127,#339,Barboach,Water,Ground,WaterGround,,,
#128,#340,Whiscash,Water,Ground,WaterGround,,,
#129,#341,Corphish,Water,,Water,,,
#130,#342,Crawdaunt,Water,Dark,WaterDark,,,
#131,#343,Baltoy,Ground,Psychic,GroundPsychic,,,
#132,#344,Claydol,Ground,Psychic,GroundPsychic,,,
#133,#345,Lileep,Rock,Grass,RockGrass,,,
#134,#346,Cradily,Rock,Grass,RockGrass,,,
#135,#347,Anorith,Rock,Bug,RockBug,,,
#136,#348,Armaldo,Rock,Bug,RockBug,,,
#140,#349,Feebas,Water,,Water,,,
#141,#350,Milotic,Water,,Water,,,
#142,#351,Castform,Normal,,Normal,,,
#145,#352,Kecleon,Normal,,Normal,,,
#146,#353,Shuppet,Ghost,,Ghost,,,
#147,#354,Banette,Ghost,,Ghost,,,
#148,#355,Duskull,Ghost,,Ghost,,,
#149,#356,Dusclops,Ghost,,Ghost,,,
#150,#357,Tropius,Grass,Flying,GrassFlying,,,
#151,#358,Chimecho,Psychic,,Psychic,,,
#152,#359,Absol,Dark,,Dark,,,
#160,#360,Wynaut,Psychic,,Psychic,,,
#171,#361,Snorunt,Ice,,Ice,,,
#172,#362,Glalie,Ice,,Ice,,,
#173,#363,Spheal,Ice,Water,IceWater,,,
#174,#364,Sealeo,Ice,Water,IceWater,,,
#175,#365,Walrein,Ice,Water,IceWater,,,
#176,#366,Clamperl,Water,,Water,,,
#177,#367,Huntail,Water,,Water,,,
#178,#368,Gorebyss,Water,,Water,,,
#179,#369,Relicanth,Water,Rock,WaterRock,,,
#183,#370,Luvdisc,Water,,Water,,,
#187,#371,Bagon,Dragon,,Dragon,,,
#188,#372,Shelgon,Dragon,,Dragon,,,
#189,#373,Salamence,Dragon,Flying,DragonFlying,,,
#190,#374,Beldum,Steel,Psychic,SteelPsychic,,,
#191,#375,Metang,Steel,Psychic,SteelPsychic,,,
#192,#376,Metagross,Steel,Psychic,SteelPsychic,,,
#193,#377,Regirock,Rock,,Rock,,,
#194,#378,Regice,Ice,,Ice,,,
#195,#379,Registeel,Steel,,Steel,,,
#196,#380,Latias,Dragon,Psychic,DragonPsychic,,,
#197,#381,Latios,Dragon,Psychic,DragonPsychic,,,
#198,#382,Kyogre,Water,,Water,,,
#199,#383,Groudon,Ground,,Ground,,,
#200,#384,Rayquaza,Dragon,Flying,DragonFlying,,,
#201,#385,Jirachi,Steel,Psychic,SteelPsychic,,,
#202,#386,Deoxys,Psychic,,Psychic,,,
#001,#387,Turtwig,Grass,,Grass,,,
#002,#388,Grotle,Grass,,Grass,,,
#003,#389,Torterra,Grass,Ground,GrassGround,,,
#004,#390,Chimchar,Fire,,Fire,,,
#005,#391,Monferno,Fire,Fighting,FireFighting,,,
#006,#392,Infernape,Fire,Fighting,FireFighting,,,
#007,#393,Piplup,Water,,Water,,,
#008,#394,Prinplup,Water,,Water,,,
#009,#395,Empoleon,Water,Steel,WaterSteel,,,
#010,#396,Starly,Normal,Flying,NormalFlying,,,
#011,#397,Staravia,Normal,Flying,NormalFlying,,,
#012,#398,Staraptor,Normal,Flying,NormalFlying,,,
#013,#399,Bidoof,Normal,,Normal,,,
#014,#400,Bibarel,Normal,Water,NormalWater,,,
#015,#401,Kricketot,Bug,,Bug,,,
#016,#402,Kricketune,Bug,,Bug,,,
#017,#403,Shinx,Electric,,Electric,,,
#018,#404,Luxio,Electric,,Electric,,,
#019,#405,Luxray,Electric,,Electric,,,
#025,#406,Budew,Grass,Poison,GrassPoison,,,
#027,#407,Roserade,Grass,Poison,GrassPoison,,,
#036,#408,Cranidos,Rock,,Rock,,,
#037,#409,Rampardos,Rock,,Rock,,,
#038,#410,Shieldon,Rock,Steel,RockSteel,,,
#039,#411,Bastiodon,Rock,Steel,RockSteel,,,
#045,#412,Burmy,Bug,,Bug,,,
#046,#413,Wormadam,Bug,Grass,BugGrass,,,
#047,#414,Mothim,Bug,Flying,BugFlying,,,
#053,#415,Combee,Bug,Flying,BugFlying,,,
#054,#416,Vespiquen,Bug,Flying,BugFlying,,,
#055,#417,Pachirisu,Electric,,Electric,,,
#056,#418,Buizel,Water,,Water,,,
#057,#419,Floatzel,Water,,Water,,,
#058,#420,Cherubi,Grass,,Grass,,,
#059,#421,Cherrim,Grass,,Grass,,,
#060,#422,Shellos,Water,,Water,,,
#061,#423,Gastrodon,Water,Ground,WaterGround,,,
#064,#424,Ambipom,Normal,,Normal,,,
#065,#425,Drifloon,Ghost,Flying,GhostFlying,,,
#066,#426,Drifblim,Ghost,Flying,GhostFlying,,,
#067,#427,Buneary,Normal,,Normal,,,
#068,#428,Lopunny,Normal,,Normal,,,
#073,#429,Mismagius,Ghost,,Ghost,,,
#075,#430,Honchkrow,Dark,Flying,DarkFlying,,,
#076,#431,Glameow,Normal,,Normal,,,
#077,#432,Purugly,Normal,,Normal,,,
#082,#433,Chingling,Psychic,,Psychic,,,
#084,#434,Stunky,Poison,Dark,PoisonDark,,,
#085,#435,Skuntank,Poison,Dark,PoisonDark,,,
#088,#436,Bronzor,Steel,Psychic,SteelPsychic,,,
#089,#437,Bronzong,Steel,Psychic,SteelPsychic,,,
#092,#438,Bonsly,Rock,,Rock,,,
#094,#439,Mime Jr.,Psychic,Fairy,PsychicFairy,,,
#096,#440,Happiny,Normal,,Normal,,,
#102,#441,Chatot,Normal,Flying,NormalFlying,,,
#108,#442,Spiritomb,Ghost,Dark,GhostDark,,,
#109,#443,Gible,Dragon,Ground,DragonGround,,,
#110,#444,Gabite,Dragon,Ground,DragonGround,,,
#111,#445,Garchomp,Dragon,Ground,DragonGround,,,
#112,#446,Munchlax,Normal,,Normal,,,
#115,#447,Riolu,Fighting,,Fighting,,,
#116,#448,Lucario,Fighting,Steel,FightingSteel,,,
#122,#449,Hippopotas,Ground,,Ground,,,
#123,#450,Hippowdon,Ground,,Ground,,,
#127,#451,Skorupi,Poison,Bug,PoisonBug,,,
#128,#452,Drapion,Poison,Dark,PoisonDark,,,
#129,#453,Croagunk,Poison,Fighting,PoisonFighting,,,
#130,#454,Toxicroak,Poison,Fighting,PoisonFighting,,,
#131,#455,Carnivine,Grass,,Grass,,,
#134,#456,Finneon,Water,,Water,,,
#135,#457,Lumineon,Water,,Water,,,
#140,#458,Mantyke,Water,Flying,WaterFlying,,,
#142,#459,Snover,Grass,Ice,GrassIce,,,
#143,#460,Abomasnow,Grass,Ice,GrassIce,,,
#145,#461,Weavile,Dark,Ice,DarkIce,,,
#180,#462,Magnezone,Electric,Steel,ElectricSteel,,,
#162,#463,Lickilicky,Normal,,Normal,,,
#188,#464,Rhyperior,Ground,Rock,GroundRock,,,
#182,#465,Tangrowth,Grass,,Grass,,,
#199,#466,Electivire,Electric,,Electric,,,
#202,#467,Magmortar,Fire,,Fire,,,
#175,#468,Togekiss,Fairy,Flying,FairyFlying,,,
#184,#469,Yanmega,Bug,Flying,BugFlying,,,
#169,#470,Leafeon,Grass,,Grass,,,
#170,#471,Glaceon,Ice,,Ice,,,
#154,#472,Gliscor,Ground,Flying,GroundFlying,,,
#205,#473,Mamoswine,Ice,Ground,IceGround,,,
#194,#474,Porygon-Z,Normal,,Normal,,,
#160,#475,Gallade,Psychic,Fighting,PsychicFighting,,,
#156,#476,Probopass,Rock,Steel,RockSteel,,,
#191,#477,Dusknoir,Ghost,,Ghost,,,
#208,#478,Froslass,Ice,Ghost,IceGhost,,,
#152,#479,Rotom,Electric,Ghost,ElectricGhost,,,
#146,#480,Uxie,Psychic,,Psychic,,,
#147,#481,Mesprit,Psychic,,Psychic,,,
#148,#482,Azelf,Psychic,,Psychic,,,
#149,#483,Dialga,Steel,Dragon,SteelDragon,,,
#150,#484,Palkia,Water,Dragon,WaterDragon,,,
,#485,Heatran,Fire,Steel,FireSteel,,,
,#486,Regigigas,Normal,,Normal,,,
#210,#487,Giratina,Ghost,Dragon,GhostDragon,,,
,#488,Cresselia,Psychic,,Psychic,,,
,#489,Phione,Water,,Water,,,
#151,#490,Manaphy,Water,,Water,,,
,#491,Darkrai,Dark,,Dark,,,
,#492,Shaymin,Grass,,Grass,,,
,#493,Arceus,Normal,,Normal,,,
#000,#494,Victini,Psychic,Fire,PsychicFire,,,
#001,#495,Snivy,Grass,,Grass,,,
#002,#496,Servine,Grass,,Grass,,,
#003,#497,Serperior,Grass,,Grass,,,
#004,#498,Tepig,Fire,,Fire,,,
#005,#499,Pignite,Fire,Fighting,FireFighting,,,
#006,#500,Emboar,Fire,Fighting,FireFighting,,,
#007,#501,Oshawott,Water,,Water,,,
#008,#502,Dewott,Water,,Water,,,
#009,#503,Samurott,Water,,Water,,,
#010,#504,Patrat,Normal,,Normal,,,
#011,#505,Watchog,Normal,,Normal,,,
#012,#506,Lillipup,Normal,,Normal,,,
#013,#507,Herdier,Normal,,Normal,,,
#014,#508,Stoutland,Normal,,Normal,,,
#015,#509,Purrloin,Dark,,Dark,,,
#016,#510,Liepard,Dark,,Dark,,,
#017,#511,Pansage,Grass,,Grass,,,
#018,#512,Simisage,Grass,,Grass,,,
#019,#513,Pansear,Fire,,Fire,,,
#020,#514,Simisear,Fire,,Fire,,,
#021,#515,Panpour,Water,,Water,,,
#022,#516,Simipour,Water,,Water,,,
#023,#517,Munna,Psychic,,Psychic,,,
#024,#518,Musharna,Psychic,,Psychic,,,
#025,#519,Pidove,Normal,Flying,NormalFlying,,,
#026,#520,Tranquill,Normal,Flying,NormalFlying,,,
#027,#521,Unfezant,Normal,Flying,NormalFlying,,,
#028,#522,Blitzle,Electric,,Electric,,,
#029,#523,Zebstrika,Electric,,Electric,,,
#030,#524,Roggenrola,Rock,,Rock,,,
#031,#525,Boldore,Rock,,Rock,,,
#032,#526,Gigalith,Rock,,Rock,,,
#033,#527,Woobat,Psychic,Flying,PsychicFlying,,,
#034,#528,Swoobat,Psychic,Flying,PsychicFlying,,,
#035,#529,Drilbur,Ground,,Ground,,,
#036,#530,Excadrill,Ground,Steel,GroundSteel,,,
#037,#531,Audino,Normal,,Normal,,,
#038,#532,Timburr,Fighting,,Fighting,,,
#039,#533,Gurdurr,Fighting,,Fighting,,,
#040,#534,Conkeldurr,Fighting,,Fighting,,,
#041,#535,Tympole,Water,,Water,,,
#042,#536,Palpitoad,Water,Ground,WaterGround,,,
#043,#537,Seismitoad,Water,Ground,WaterGround,,,
#044,#538,Throh,Fighting,,Fighting,,,
#045,#539,Sawk,Fighting,,Fighting,,,
#046,#540,Sewaddle,Bug,Grass,BugGrass,,,
#047,#541,Swadloon,Bug,Grass,BugGrass,,,
#048,#542,Leavanny,Bug,Grass,BugGrass,,,
#049,#543,Venipede,Bug,Poison,BugPoison,,,
#050,#544,Whirlipede,Bug,Poison,BugPoison,,,
#051,#545,Scolipede,Bug,Poison,BugPoison,,,
#052,#546,Cottonee,Grass,Fairy,GrassFairy,,,
#053,#547,Whimsicott,Grass,Fairy,GrassFairy,,,
#054,#548,Petilil,Grass,,Grass,,,
#055,#549,Lilligant,Grass,,Grass,,,
#056,#550,Basculin,Water,,Water,,,
#057,#551,Sandile,Ground,Dark,GroundDark,,,
#058,#552,Krokorok,Ground,Dark,GroundDark,,,
#059,#553,Krookodile,Ground,Dark,GroundDark,,,
#060,#554,Darumaka,Fire,,Fire,,,
#061,#555,Darmanitan,Fire,,Fire,,,
#062,#556,Maractus,Grass,,Grass,,,
#063,#557,Dwebble,Bug,Rock,BugRock,,,
#064,#558,Crustle,Bug,Rock,BugRock,,,
#065,#559,Scraggy,Dark,Fighting,DarkFighting,,,
#066,#560,Scrafty,Dark,Fighting,DarkFighting,,,
#067,#561,Sigilyph,Psychic,Flying,PsychicFlying,,,
#068,#562,Yamask,Ghost,,Ghost,,,
#069,#563,Cofagrigus,Ghost,,Ghost,,,
#070,#564,Tirtouga,Water,Rock,WaterRock,,,
#071,#565,Carracosta,Water,Rock,WaterRock,,,
#072,#566,Archen,Rock,Flying,RockFlying,,,
#073,#567,Archeops,Rock,Flying,RockFlying,,,
#074,#568,Trubbish,Poison,,Poison,,,
#075,#569,Garbodor,Poison,,Poison,,,
#076,#570,Zorua,Dark,,Dark,,,
#077,#571,Zoroark,Dark,,Dark,,,
#078,#572,Minccino,Normal,,Normal,,,
#079,#573,Cinccino,Normal,,Normal,,,
#080,#574,Gothita,Psychic,,Psychic,,,
#081,#575,Gothorita,Psychic,,Psychic,,,
#082,#576,Gothitelle,Psychic,,Psychic,,,
#083,#577,Solosis,Psychic,,Psychic,,,
#084,#578,Duosion,Psychic,,Psychic,,,
#085,#579,Reuniclus,Psychic,,Psychic,,,
#086,#580,Ducklett,Water,Flying,WaterFlying,,,
#087,#581,Swanna,Water,Flying,WaterFlying,,,
#088,#582,Vanillite,Ice,,Ice,,,
#089,#583,Vanillish,Ice,,Ice,,,
#090,#584,Vanilluxe,Ice,,Ice,,,
#091,#585,Deerling,Normal,Grass,NormalGrass,,,
#092,#586,Sawsbuck,Normal,Grass,NormalGrass,,,
#093,#587,Emolga,Electric,Flying,ElectricFlying,,,
#094,#588,Karrablast,Bug,,Bug,,,
#095,#589,Escavalier,Bug,Steel,BugSteel,,,
#096,#590,Foongus,Grass,Poison,GrassPoison,,,
#097,#591,Amoonguss,Grass,Poison,GrassPoison,,,
#098,#592,Frillish,Water,Ghost,WaterGhost,,,
#099,#593,Jellicent,Water,Ghost,WaterGhost,,,
#100,#594,Alomomola,Water,,Water,,,
#101,#595,Joltik,Bug,Electric,BugElectric,,,
#102,#596,Galvantula,Bug,Electric,BugElectric,,,
#103,#597,Ferroseed,Grass,Steel,GrassSteel,,,
#104,#598,Ferrothorn,Grass,Steel,GrassSteel,,,
#105,#599,Klink,Steel,,Steel,,,
#106,#600,Klang,Steel,,Steel,,,
#107,#601,Klinklang,Steel,,Steel,,,
#108,#602,Tynamo,Electric,,Electric,,,
#109,#603,Eelektrik,Electric,,Electric,,,
#110,#604,Eelektross,Electric,,Electric,,,
#111,#605,Elgyem,Psychic,,Psychic,,,
#112,#606,Beheeyem,Psychic,,Psychic,,,
#113,#607,Litwick,Ghost,Fire,GhostFire,,,
#114,#608,Lampent,Ghost,Fire,GhostFire,,,
#115,#609,Chandelure,Ghost,Fire,GhostFire,,,
#116,#610,Axew,Dragon,,Dragon,,,
#117,#611,Fraxure,Dragon,,Dragon,,,
#118,#612,Haxorus,Dragon,,Dragon,,,
#119,#613,Cubchoo,Ice,,Ice,,,
#120,#614,Beartic,Ice,,Ice,,,
#121,#615,Cryogonal,Ice,,Ice,,,
#122,#616,Shelmet,Bug,,Bug,,,
#123,#617,Accelgor,Bug,,Bug,,,
#124,#618,Stunfisk,Ground,Electric,GroundElectric,,,
#125,#619,Mienfoo,Fighting,,Fighting,,,
#126,#620,Mienshao,Fighting,,Fighting,,,
#127,#621,Druddigon,Dragon,,Dragon,,,
#128,#622,Golett,Ground,Ghost,GroundGhost,,,
#129,#623,Golurk,Ground,Ghost,GroundGhost,,,
#130,#624,Pawniard,Dark,Steel,DarkSteel,,,
#131,#625,Bisharp,Dark,Steel,DarkSteel,,,
#132,#626,Bouffalant,Normal,,Normal,,,
#133,#627,Rufflet,Normal,Flying,NormalFlying,,,
#134,#628,Braviary,Normal,Flying,NormalFlying,,,
#135,#629,Vullaby,Dark,Flying,DarkFlying,,,
#136,#630,Mandibuzz,Dark,Flying,DarkFlying,,,
#137,#631,Heatmor,Fire,,Fire,,,
#138,#632,Durant,Bug,Steel,BugSteel,,,
#139,#633,Deino,Dark,Dragon,DarkDragon,,,
#140,#634,Zweilous,Dark,Dragon,DarkDragon,,,
#141,#635,Hydreigon,Dark,Dragon,DarkDragon,,,
#142,#636,Larvesta,Bug,Fire,BugFire,,,
#143,#637,Volcarona,Bug,Fire,BugFire,,,
#144,#638,Cobalion,Steel,Fighting,SteelFighting,,,
#145,#639,Terrakion,Rock,Fighting,RockFighting,,,
#146,#640,Virizion,Grass,Fighting,GrassFighting,,,
#147,#641,Tornadus,Flying,,Flying,,,
#148,#642,Thundurus,Electric,Flying,ElectricFlying,,,
#149,#643,Reshiram,Dragon,Fire,DragonFire,,,
#150,#644,Zekrom,Dragon,Electric,DragonElectric,,,
#151,#645,Landorus,Ground,Flying,GroundFlying,,,
#152,#646,Kyurem,Dragon,Ice,DragonIce,,,
#153,#647,Keldeo,Water,Fighting,WaterFighting,,,
#154,#648,Meloetta,Normal,Psychic,NormalPsychic,,,
#155,#649,Genesect,Bug,Steel,BugSteel,,,
#001Ce,#650,Chespin,Grass,,Grass,,,
#002Ce,#651,Quilladin,Grass,,Grass,,,
#003Ce,#652,Chesnaught,Grass,Fighting,GrassFighting,,,
#004Ce,#653,Fennekin,Fire,,Fire,,,
#005Ce,#654,Braixen,Fire,,Fire,,,
#006Ce,#655,Delphox,Fire,Psychic,FirePsychic,,,
#007Ce,#656,Froakie,Water,,Water,,,
#008Ce,#657,Frogadier,Water,,Water,,,
#009Ce,#658,Greninja,Water,Dark,WaterDark,,,
#010Ce,#659,Bunnelby,Normal,,Normal,,,
#011Ce,#660,Diggersby,Normal,Ground,NormalGround,,,
#014Ce,#661,Fletchling,Normal,Flying,NormalFlying,,,
#015Ce,#662,Fletchinder,Fire,Flying,FireFlying,,,
#016Ce,#663,Talonflame,Fire,Flying,FireFlying,,,
#020Ce,#664,Scatterbug,Bug,,Bug,,,
#021Ce,#665,Spewpa,Bug,,Bug,,,
#022Ce,#666,Vivillon,Bug,Flying,BugFlying,,,
#057Ce,#667,Litleo,Fire,Normal,FireNormal,,,
#058Ce,#668,Pyroar,Fire,Normal,FireNormal,,,
#068Ce,#669,Flabébé,Fairy,,Fairy,,,
#069Ce,#670,Floette,Fairy,,Fairy,,,
#070Ce,#671,Florges,Fairy,,Fairy,,,
#089Ce,#672,Skiddo,Grass,,Grass,,,
#090Ce,#673,Gogoat,Grass,,Grass,,,
#091Ce,#674,Pancham,Fighting,,Fighting,,,
#092Ce,#675,Pangoro,Fighting,Dark,FightingDark,,,
#093Ce,#676,Furfrou,Normal,,Normal,,,
#114Ce,#677,Espurr,Psychic,,Psychic,,,
#115Ce,#678,Meowstic,Psychic,,Psychic,,,
#117Ce,#679,Honedge,Steel,Ghost,SteelGhost,,,
#118Ce,#680,Doublade,Steel,Ghost,SteelGhost,,,
#119Ce,#681,Aegislash,Steel,Ghost,SteelGhost,,,
#129Ce,#682,Spritzee,Fairy,,Fairy,,,
#130Ce,#683,Aromatisse,Fairy,,Fairy,,,
#131Ce,#684,Swirlix,Fairy,,Fairy,,,
#132Ce,#685,Slurpuff,Fairy,,Fairy,,,
#010Co,#686,Inkay,Dark,Psychic,DarkPsychic,,,
#011Co,#687,Malamar,Dark,Psychic,DarkPsychic,,,
#021Co,#688,Binacle,Rock,Water,RockWater,,,
#022Co,#689,Barbaracle,Rock,Water,RockWater,,,
#030Co,#690,Skrelp,Poison,Water,PoisonWater,,,
#031Co,#691,Dragalge,Poison,Dragon,PoisonDragon,,,
#032Co,#692,Clauncher,Water,,Water,,,
#033Co,#693,Clawitzer,Water,,Water,,,
#046Co,#694,Helioptile,Electric,Normal,ElectricNormal,,,
#047Co,#695,Heliolisk,Electric,Normal,ElectricNormal,,,
#064Co,#696,Tyrunt,Rock,Dragon,RockDragon,,,
#065Co,#697,Tyrantrum,Rock,Dragon,RockDragon,,,
#066Co,#698,Amaura,Rock,Ice,RockIce,,,
#067Co,#699,Aurorus,Rock,Ice,RockIce,,,
#085Co,#700,Sylveon,Fairy,,Fairy,,,
#089Co,#701,Hawlucha,Fighting,Flying,FightingFlying,,,
#110Co,#702,Dedenne,Electric,Fairy,ElectricFairy,,,
#124Co,#703,Carbink,Rock,Fairy,RockFairy,,,
#019Mo,#704,Goomy,Dragon,,Dragon,,,
#020Mo,#705,Sliggoo,Dragon,,Dragon,,,
#021Mo,#706,Goodra,Dragon,,Dragon,,,
#050Mo,#707,Klefki,Steel,Fairy,SteelFairy,,,
#061Mo,#708,Phantump,Ghost,Grass,GhostGrass,,,
#062Mo,#709,Trevenant,Ghost,Grass,GhostGrass,,,
#063Mo,#710,Pumpkaboo,Ghost,Grass,GhostGrass,,,
#064Mo,#711,Gourgeist,Ghost,Grass,GhostGrass,,,
#079Mo,#712,Bergmite,Ice,,Ice,,,
#080Mo,#713,Avalugg,Ice,,Ice,,,
#113Mo,#714,Noibat,Flying,Dragon,FlyingDragon,,,
#114Mo,#715,Noivern,Flying,Dragon,FlyingDragon,,,
#148Mo,#716,Xerneas,Fairy,,Fairy,,,
#149Mo,#717,Yveltal,Dark,Flying,DarkFlying,,,
#150Mo,#718,Zygarde,Dragon,Ground,DragonGround,,,
#151Ce,#719,Diancie,Rock,Fairy,RockFairy,,,
#152Ce,#720,Hoopa,Psychic,Ghost,PsychicGhost,,,
#153Ce,#721,Volcanion,Fire,Water,FireWater,,,
#001,#722,Rowlet,Grass,Flying,GrassFlying,,,
#002,#723,Dartrix,Grass,Flying,GrassFlying,,,
#003,#724,Decidueye,Grass,Ghost,GrassGhost,,,
#004,#725,Litten,Fire,,Fire,,,
#005,#726,Torracat,Fire,,Fire,,,
#006,#727,Incineroar,Fire,Dark,FireDark,,,
#007,#728,Popplio,Water,,Water,,,
#008,#729,Brionne,Water,,Water,,,
#009,#730,Primarina,Water,Fairy,WaterFairy,,,
#010,#731,Pikipek,Normal,Flying,NormalFlying,,,
#011,#732,Trumbeak,Normal,Flying,NormalFlying,,,
#012,#733,Toucannon,Normal,Flying,NormalFlying,,,
#013,#734,Yungoos,Normal,,Normal,,,
#014,#735,Gumshoos,Normal,,Normal,,,
#015,#736,Grubbin,Bug,,Bug,,,
#016,#737,Charjabug,Bug,Electric,BugElectric,,,
#017,#738,Vikavolt,Bug,Electric,BugElectric,,,
#018,#739,Crabrawler,Fighting,,Fighting,,,
#019,#740,Crabominable,Fighting,Ice,FightingIce,,,
#020,#741,Oricorio Baile Style,Fire,Flying,FireFlying,,,
#020,#741,Oricorio Pom-Pom Style,Electric,Flying,ElectricFlying,,,
#020,#741,Oricorio Pa'u Style,Psychic,Flying,PsychicFlying,,,
#020,#741,Oricorio Sensu Style,Ghost,Flying,GhostFlying,,,
#021,#742,Cutiefly,Bug,Fairy,BugFairy,,,
#022,#743,Ribombee,Bug,Fairy,BugFairy,,,
#023,#744,Rockruff,Rock,,Rock,,,
#024,#745,Lycanroc,Rock,,Rock,,,
#025,#746,Wishiwashi,Water,,Water,,,
#026,#747,Mareanie,Poison,Water,PoisonWater,,,
#027,#748,Toxapex,Poison,Water,PoisonWater,,,
#028,#749,Mudbray,Ground,,Ground,,,
#029,#750,Mudsdale,Ground,,Ground,,,
#030,#751,Dewpider,Water,Bug,WaterBug,,,
#031,#752,Araquanid,Water,Bug,WaterBug,,,
#032,#753,Fomantis,Grass,,Grass,,,
#033,#754,Lurantis,Grass,,Grass,,,
#034,#755,Morelull,Grass,Fairy,GrassFairy,,,
#035,#756,Shiinotic,Grass,Fairy,GrassFairy,,,
#036,#757,Salandit,Poison,Fire,PoisonFire,,,
#037,#758,Salazzle,Poison,Fire,PoisonFire,,,
#038,#759,Stufful,Normal,Fighting,NormalFighting,,,
#039,#760,Bewear,Normal,Fighting,NormalFighting,,,
#040,#761,Bounsweet,Grass,,Grass,,,
#041,#762,Steenee,Grass,,Grass,,,
#042,#763,Tsareena,Grass,,Grass,,,
#043,#764,Comfey,Fairy,,Fairy,,,
#044,#765,Oranguru,Normal,Psychic,NormalPsychic,,,
#045,#766,Passimian,Fighting,,Fighting,,,
#046,#767,Wimpod,Bug,Water,BugWater,,,
#047,#768,Golisopod,Bug,Water,BugWater,,,
#048,#769,Sandyghast,Ghost,Ground,GhostGround,,,
#049,#770,Palossand,Ghost,Ground,GhostGround,,,
#050,#771,Pyukumuku,Water,,Water,,,
#051,#772,Type: Null,Normal,,Normal,,,
#052,#773,Silvally,Normal,,Normal,,,
#053,#774,Minior,Rock,Flying,RockFlying,,,
#054,#775,Komala,Normal,,Normal,,,
#055,#776,Turtonator,Fire,Dragon,FireDragon,,,
#056,#777,Togedemaru,Electric,Steel,ElectricSteel,,,
#057,#778,Mimikyu,Ghost,Fairy,GhostFairy,,,
#058,#779,Bruxish,Water,Psychic,WaterPsychic,,,
#059,#780,Drampa,Normal,Dragon,NormalDragon,,,
#060,#781,Dhelmise,Ghost,Grass,GhostGrass,,,
#061,#782,Jangmo-o,Dragon,,Dragon,,,
#062,#783,Hakamo-o,Dragon,Fighting,DragonFighting,,,
#063,#784,Kommo-o,Dragon,Fighting,DragonFighting,,,
#064,#785,Tapu Koko,Electric,Fairy,ElectricFairy,,,
#065,#786,Tapu Lele,Psychic,Fairy,PsychicFairy,,,
#066,#787,Tapu Bulu,Grass,Fairy,GrassFairy,,,
#067,#788,Tapu Fini,Water,Fairy,WaterFairy,,,
#068,#789,Cosmog,Psychic,,Psychic,,,
#069,#790,Cosmoem,Psychic,,Psychic,,,
#070,#791,Solgaleo,Psychic,Steel,PsychicSteel,,,
#071,#792,Lunala,Psychic,Ghost,PsychicGhost,,,
#072,#793,Nihilego,Rock,Poison,RockPoison,,,
#073,#794,Buzzwole,Bug,Fighting,BugFighting,,,
#074,#795,Pheromosa,Bug,Fighting,BugFighting,,,
#075,#796,Xurkitree,Electric,,Electric,,,
#076,#797,Celesteela,Steel,Flying,SteelFlying,,,
#077,#798,Kartana,Grass,Steel,GrassSteel,,,
#078,#799,Guzzlord,Dark,Dragon,DarkDragon,,,
#079,#800,Necrozma,Psychic,,Psychic,,,
#079,#800,Necrozma Dusk Mane,Psychic,Steel,PsychicSteel,,,
#079,#800,Necrozma Dawn Wings,Psychic,Ghost,PsychicGhost,,,
#080,#801,Magearna,Steel,Fairy,SteelFairy,,,
#081,#802,Marshadow,Fighting,Ghost,FightingGhost,,,
#082,#803,Poipole,Poison,,Poison,,,
#083,#804,Naganadel,Poison,Dragon,PoisonDragon,,,
#084,#805,Stakataka,Rock,Steel,RockSteel,,,
#085,#806,Blacephalon,Fire,Ghost,FireGhost,,,
#086,#807,Zeraora,Electric,,Electric,,,
#087,#808,Meltan,Steel,,Steel,,,
#088,#809,Melmetal,Steel,,Steel,,,
#001,#810,Grookey,Grass,,Grass,,,
#002,#811,Thwackey,Grass,,Grass,,,
#003,#812,Rillaboom,Grass,,Grass,,,
#004,#813,Scorbunny,Fire,,Fire,,,
#005,#814,Raboot,Fire,,Fire,,,
#006,#815,Cinderace,Fire,,Fire,,,
#007,#816,Sobble,Water,,Water,,,
#008,#817,Drizzile,Water,,Water,,,
#009,#818,Inteleon,Water,,Water,,,
#010,#819,Skwovet,Normal,,Normal,,,
#011,#820,Greedent,Normal,,Normal,,,
#012,#821,Rookidee,Flying,,Flying,,,
#013,#822,Corvisquire,Flying,,Flying,,,
#014,#823,Corviknight,Flying,Steel,FlyingSteel,,,
#015,#833,Chewtle,Water,,Water,,,
#016,#834,Drednaw,Water,Rock,WaterRock,,,
#017,#837,Rolycoly,Rock,,Rock,,,
#018,#838,Carkol,Rock,Fire,RockFire,,,
#019,#839,Coalossal,Rock,Fire,RockFire,,,
#020,#840,Applin,Grass,Dragon,GrassDragon,,,
#021,#841,Flapple,Grass,Dragon,GrassDragon,,,
#022,#842,Appletun,Grass,Dragon,GrassDragon,,,
#023,#843,Silicobra,Ground,,Ground,,,
#024,#844,Sandaconda,Ground,,Ground,,,
#025,#845,Cramorant,Flying,Water,FlyingWater,,,
#026,#846,Arrokuda,Water,,Water,,,
#027,#847,Barraskewda,Water,,Water,,,
#028,#848,Toxel,Electric,Poison,ElectricPoison,,,
#029,#849,Toxtricity,Electric,Poison,ElectricPoison,,,
#030,#854,Sinistea,Ghost,,Ghost,,,
#031,#855,Polteageist,Ghost,,Ghost,,,
#032,#856,Hatenna,Psychic,,Psychic,,,
#033,#857,Hattrem,Psychic,,Psychic,,,
#034,#858,Hatterene,Psychic,Fairy,PsychicFairy,,,
#035,#859,Impidimp,Dark,Fairy,DarkFairy,,,
#036,#860,Morgrem,Dark,Fairy,DarkFairy,,,
#037,#861,Grimmsnarl,Dark,Fairy,DarkFairy,,,
#038,#863,Perrserker,Steel,,Steel,,,
#039,#868,Milcery,Fairy,,Fairy,,,
#040,#869,Alcremie,Fairy,,Fairy,,,
#041,#870,Falinks,Fighting,,Fighting,,,
#042,#871,Pincurchin,Electric,,Electric,,,
#043,#872,Snom,Ice,Bug,IceBug,,,
#044,#873,Frosmoth,Ice,Bug,IceBug,,,
#045,#874,Stonjourner,Rock,,Rock,,,
#046,#875,Eiscue,Ice,,Ice,,,
#047,#876,Indeedee,Psychic,Normal,PsychicNormal,,,
#048,#877,Morpeko,Electric,Dark,ElectricDark,,,
#049,#878,Cufant,Steel,,Steel,,,
#050,#879,Copperajah,Steel,,Steel,,,
#051,#884,Duraludon,Steel,Dragon,SteelDragon,,,
#052,#885,Dreepy,Dragon,Ghost,DragonGhost,,,
#053,#886,Drakloak,Dragon,Ghost,DragonGhost,,,
#054,#887,Dragapult,Dragon,Ghost,DragonGhost,,,
#055,#888,Zacian (Hero of Many Battles),Fairy,,Fairy,,,
#055,#888,Zacian (Crowned Sword),Fairy,Steel,FairySteel,,,
#056,#889,Zamazenta (Hero of Many Battles),Fighting,,Fighting,,,
#056,#889,Zamazenta (Crowned Shield),Fighting,Steel,FightingSteel,,,
#057,#890,Eternatus,Poison,Dragon,PoisonDragon,,,
#058,#891,Kubfu,Fighting,,Fighting,,,
#059,#892,Urshifu (Single Strike Style),Fighting,Dark,FightingDark,,,
#059,#892,Urshifu (Rapid Strike Style),Fighting,Water,FightingWater,,,
#060,#893,Zarude,Dark,Grass,DarkGrass,,,
#061,#894,Regieleki,Electric,,Electric,,,
#062,#895,Regidrago,Dragon,,Dragon,,,
#063,#896,Glastrier,Ice,,Ice,,,
#064,#897,Spectrier,Ghost,,Ghost,,,
#065,#898,Calyrex,Psychic,Grass,PsychicGrass,,,
#065,#898,Calyrex (Ice Rider),Psychic,Ice,PsychicIce,,,
#065,#898,Calyrex (Shadow Rider),Psychic,Ghost,PsychicGhost,,,
#066,#899,Wyrdeer,Normal,Psychic,NormalPsychic,,,
#067,#900,Kleavor,Bug,Rock,BugRock,,,
#068,#901,Ursaluna,Ground,Normal,GroundNormal,,,
#069,#902,Basculegion,Water,Ghost,WaterGhost,,,
#070,#903,Sneasler,Fighting,Poison,FightingPoison,,,
#071,#904,Overqwil,Dark,Poison,DarkPoison,,,
#072,#905,Enamorus,Fairy,Flying,FairyFlying,,,
#001,#906,Sprigatito,Grass,,Grass,,,
#002,#907,Floragato,Grass,,Grass,,,
#003,#908,Meowscarada,Grass,Dark,GrassDark,,,
#004,#909,Fuecoco,Fire,,Fire,,,
#005,#910,Crocalor,Fire,,Fire,,,
#006,#911,Skeledirge,Fire,Ghost,FireGhost,,,
#007,#912,Quaxly,Water,,Water,,,
#008,#913,Quaxwell,Water,,Water,,,
#009,#914,Quaquaval,Water,Fighting,WaterFighting,,,
#010,#915,Lechonk,Normal,,Normal,,,
#011,#916,Oinkologne,Normal,,Normal,,,
#012,#917,Tarountula,Bug,,Bug,,,
#013,#918,Spidops,Bug,,Bug,,,
#014,#919,Nymble,Bug,,Bug,,,
#015,#920,Lokix,Bug,Dark,BugDark,,,
#016,#921,Pawmi,Electric,,Electric,,,
#017,#922,Pawmo,Electric,Fighting,ElectricFighting,,,
#018,#923,Pawmot,Electric,Fighting,ElectricFighting,,,
#019,#924,Tandemaus,Normal,,Normal,,,
#020,#925,Maushold,Normal,,Normal,,,
#021,#926,Fidough,Fairy,,Fairy,,,
#022,#927,Dachsbun,Fairy,,Fairy,,,
#023,#928,Smoliv,Grass,Normal,GrassNormal,,,
#024,#929,Dolliv,Grass,Normal,GrassNormal,,,
#025,#930,Arboliva,Grass,Normal,GrassNormal,,,
#026,#931,Squawkabilly,Normal,Flying,NormalFlying,,,
#027,#932,Nacli,Rock,,Rock,,,
#028,#933,Naclstack,Rock,,Rock,,,
#029,#934,Garganacl,Rock,,Rock,,,
#030,#935,Charcadet,Fire,,Fire,,,
#031,#936,Armarouge,Fire,Psychic,FirePsychic,,,
#032,#937,Ceruledge,Fire,Ghost,FireGhost,,,
#033,#938,Tadbulb,Electric,,Electric,,,
#034,#939,Bellibolt,Electric,,Electric,,,
#035,#940,Wattrel,Electric,Flying,ElectricFlying,,,
#036,#941,Kilowattrel,Electric,Flying,ElectricFlying,,,
#037,#942,Maschiff,Dark,,Dark,,,
#038,#943,Mabosstiff,Dark,,Dark,,,
#039,#944,Shroodle,Poison,Normal,PoisonNormal,,,
#040,#945,Grafaiai,Poison,Normal,PoisonNormal,,,
#041,#946,Bramblin,Grass,Ghost,GrassGhost,,,
#042,#947,Brambleghast,Grass,Ghost,GrassGhost,,,
#043,#948,Toedscool,Ground,Grass,GroundGrass,,,
#044,#949,Toedscruel,Ground,Grass,GroundGrass,,,
#045,#950,Klawf,Rock,,Rock,,,
#046,#951,Capsakid,Grass,,Grass,,,
#047,#952,Scovillain,Grass,Fire,GrassFire,,,
#048,#953,Rellor,Bug,,Bug,,,
#049,#954,Rabsca,Bug,Psychic,BugPsychic,,,
#050,#955,Flittle,Psychic,,Psychic,,,
#051,#956,Espathra,Psychic,,Psychic,,,
#052,#957,Tinkatink,Fairy,Steel,FairySteel,,,
#053,#958,Tinkatuff,Fairy,Steel,FairySteel,,,
#054,#959,Tinkaton,Fairy,Steel,FairySteel,,,
#055,#960,Wiglett,Water,,Water,,,
#056,#961,Wugtrio,Water,,Water,,,
#057,#962,Bombirdier,Flying,Dark,FlyingDark,,,
#058,#963,Finizen,Water,,Water,,,
#059,#964,Palafin,Water,,Water,,,
#060,#965,Varoom,Steel,Poison,SteelPoison,,,
#061,#966,Revavroom,Steel,Poison,SteelPoison,,,
#062,#967,Cyclizar,Dragon,Normal,DragonNormal,,,
#063,#968,Orthworm,Steel,,Steel,,,
#064,#969,Glimmet,Rock,Poison,RockPoison,,,
#065,#970,Glimmora,Rock,Poison,RockPoison,,,
#066,#971,Greavard,Ghost,,Ghost,,,
#067,#972,Houndstone,Ghost,,Ghost,,,
#068,#973,Flamigo,Flying,Fighting,FlyingFighting,,,
#069,#974,Cetoddle,Ice,,Ice,,,
#070,#975,Cetitan,Ice,,Ice,,,
#071,#976,Veluza,Water,Psychic,WaterPsychic,,,
#072,#977,Dondozo,Water,,Water,,,
#073,#978,Tatsugiri,Dragon,Water,DragonWater,,,
#074,#979,Annihilape,Fighting,Ghost,FightingGhost,,,
#075,#980,Clodsire,Poison,Ground,PoisonGround,,,
#076,#981,Farigiraf,Normal,Psychic,NormalPsychic,,,
#077,#982,Dudunsparce,Normal,,Normal,,,
#078,#983,Kingambit,Dark,Steel,DarkSteel,,,
#079,#984,Great Tusk,Ground,Fighting,GroundFighting,,,
#080,#985,Scream Tail,Fairy,Psychic,FairyPsychic,,,
#081,#986,Brute Bonnet,Grass,Dark,GrassDark,,,
#082,#987,Flutter Mane,Ghost,Fairy,GhostFairy,,,
#083,#988,Slither Wing,Bug,Fighting,BugFighting,,,
#084,#989,Sandy Shocks,Electric,Ground,ElectricGround,,,
#085,#990,Iron Treads,Ground,Steel,GroundSteel,,,
#086,#991,Iron Bundle,Ice,Water,IceWater,,,
#087,#992,Iron Hands,Fighting,Electric,FightingElectric,,,
#088,#993,Iron Jugulis,Dark,Flying,DarkFlying,,,
#089,#994,Iron Moth,Fire,Poison,FirePoison,,,
#090,#995,Iron Thorns,Rock,Electric,RockElectric,,,
#091,#996,Frigibax,Dragon,Ice,DragonIce,,,
#092,#997,Arctibax,Dragon,Ice,DragonIce,,,
#093,#998,Baxcalibur,Dragon,Ice,DragonIce,,,
#094,#999,Gimmighoul,Ghost,,Ghost,,,
#095,#1000,Gholdengo,Steel,Ghost,SteelGhost,,,
#096,#1001,Wo-Chien,Dark,Grass,DarkGrass,,,
#097,#1002,Chien-Pao,Dark,Ice,DarkIce,,,
#098,#1003,Ting-Lu,Dark,Ground,DarkGround,,,
#099,#1004,Chi-Yu,Dark,Fire,DarkFire,,,
#100,#1005,Roaring Moon,Dragon,Dark,DragonDark,,,
#101,#1006,Iron Valiant,Fairy,Fighting,FairyFighting,,,
#102,#1007,Koraidon,Fighting,Dragon,FightingDragon,,,
#103,#1008,Miraidon,Electric,Dragon,ElectricDragon,,,
#104,#1009,Walking Wake,Water,Dragon,WaterDragon,,,
#105,#1010,Iron Leaves,Grass,Psychic,GrassPsychic,,,
#106,#1011,Dipplin,Grass,Dragon,GrassDragon,,,
#107,#1012,Poltchageist,Grass,Ghost,GrassGhost,,,
#108,#1013,Sinistcha,Grass,Ghost,GrassGhost,,,
#109,#1014,Okidogi,Poison,Fighting,PoisonFighting,,,
#110,#1015,Munkidori,Poison,Psychic,PoisonPsychic,,,
#111,#1016,Fezandipiti,Poison,Fairy,PoisonFairy,,,
#112,#1017,Ogerpon (Teal Mask),Grass,,Grass,,,
#112,#1017,Ogerpon (Hearthflame Mask),Grass,Fire,GrassFire,,,
#112,#1017,Ogerpon (Wellspring Mask),Grass,Water,GrassWater,,,
#112,#1017,Ogerpon (Cornerstone Mask),Grass,Rock,GrassRock,,,
#113,#1018,Archaludon,Steel,Dragon,SteelDragon,,,
#114,#1019,Hydrapple,Grass,Dragon,GrassDragon,,,
#115,#1020,Gouging Fire,Fire,Dragon,FireDragon,,,
#116,#1021,Raging Bolt,Electric,Dragon,ElectricDragon,,,
#117,#1022,Iron Boulder,Rock,Psychic,RockPsychic,,,
#118,#1023,Iron Crown,Steel,Psychic,SteelPsychic,,,
#119,#1024,Terapagos,Normal,,Normal,,,
#120,#1025,Pecharunt,Poison,Ghost,PoisonGhost,,,
,,,,,,,,
,,,,,,,,
,,,,,,,,
,,,,,,,,
,,,,,,,,
,,,,,,,,
,,,,,,,,
,,,,,,,,
,,,,,,,,
,,,,,,,,
,,,,,,,,
,,,,,,,,
,,,,,,,,
,,,,,,,,
,,,,,,,,
,,,,,,,,
,,,,,,,,
,,,,,,,,
,,,,,,,,
,,,,,,,,
,,,,,,,,
,,,,,,,,
,,,,,,,,
,,,,,,,,
,,,,,,,,
,,,,,,,,
,,,,,,,,
,,,,,,,,
,,,,,,,,
,,,,,,,,
,,,,,,,,
,,,,,,,,
,,,,,,,,
,,,,,,,,
,,,,,,,,
,,,,,,,,
,,,,,,,,
,,,,,,,,
,,,,,,,,
,,,,,,,,
,,,,,,,,
,,,,,,,,
,,,,,,,,
,,,,,,,,
,,,,,,,,
,,,,,,,,
,,,,,,,,
,,,,,,,,
,,,,,,,,
,,,,,,,,
,,,,,,,,
,,,,,,,,
,,,,,,,,
,,,,,,,,
,,,,,,,,
,,,,,,,,
,,,,,,,,
,,,,,,,,
,,,,,,,,
,,,,,,,,
,,,,,,,,
,,,,,,,,
,,,,,,,,
,,,,,,,,
,,,,,,,,
,,,,,,,,
,,,,,,,,
,,,,,,,,
,,,,,,,,
,,,,,,,,
,,,,,,,,
,,,,,,,,
,,,,,,,,
,,,,,,,,
,,,,,,,,
,,,,,,,,
,,,,,,,,
,,,,,,,,
,,,,,,,,
,,,,,,,,
,,,,,,,,
,,,,,,,,
,,,,,,,,
,,,,,,,,
,,,,,,,,
,,,,,,,,
,,,,,,,,
,,,,,,,,
,,,,,,,,
,,,,,,,,
,,,,,,,,
,,,,,,,,
,,,,,,,,
,,,,,,,,
,,,,,,,,
,,,,,,,,
,,,,,,,,
,,,,,,,,
,,,,,,,,
,,,,,,,,
,,,,,,,,
,,,,,,,,
,,,,,,,,
,,,,,,,,
,,,,,,,,
,,,,,,,,
,,,,,,,,
,,,,,,,,
,,,,,,,,
,,,,,,,,
,,,,,,,,
,,,,,,,,
,,,,,,,,
,,,,,,,,
,,,,,,,,
,,,,,,,,
,,,,,,,,
,,,,,,,,
,,,,,,,,
,,,,,,,,
,,,,,,,,
,,,,,,,,
,,,,,,,,
,,,,,,,,
,,,,,,,,
,,,,,,,,
,,,,,,,,
,,,,,,,,
,,,,,,,,
,,,,,,,,
,,,,,,,,
,,,,,,,,
,,,,,,,,
,,,,,,,,
,,,,,,,,
,,,,,,,,
,,,,,,,,
,,,,,,,,
,,,,,,,,
,,,,,,,,
,,,,,,,,
,,,,,,,,
,,,,,,,,
,,,,,,,,
,,,,,,,,
,,,,,,,,
,,,,,,,,
,,,,,,,,
,,,,,,,,
,,,,,,,,
,,,,,,,,
,,,,,,,,
,,,,,,,,
,,,,,,,,
,,,,,,,,
,,,,,,,,
,,,,,,,,
,,,,,,,,
,,,,,,,,
,,,,,,,,
,,,,,,,,
,,,,,,,,
,,,,,,,,
,,,,,,,,
,,,,,,,,
,,,,,,,,
,,,,,,,,
,,,,,,,,
,,,,,,,,
,,,,,,,,
,,,,,,,,
,,,,,,,,
,,,,,,,,
,,,,,,,,
,,,,,,,,
,,,,,,,,
,,,,,,,,
,,,,,,,,
,,,,,,,,
,,,,,,,,
,,,,,,,,
,,,,,,,,
,,,,,,,,
,,,,,,,,
,,,,,,,,
,,,,,,,,
,,,,,,,,
,,,,,,,,
,,,,,,,,
,,,,,,,,
,,,,,,,,
,,,,,,,,
,,,,,,,,
,,,,,,,,
,,,,,,,,
,,,,,,,,
,,,,,,,,
,,,,,,,,
,,,,,,,,
,,,,,,,,
,,,,,,,,
,,,,,,,,
,,,,,,,,
,,,,,,,,
,,,,,,,,
,,,,,,,,
,,,,,,,,
,,,,,,,,
,,,,,,,,
,,,,,,,,
,,,,,,,,
,,,,,,,,
,,,,,,,,
,,,,,,,,
,,,,,,,,
,,,,,,,,
,,,,,,,,
,,,,,,,,
,,,,,,,,
,,,,,,,,
,,,,,,,,
,,,,,,,,
,,,,,,,,
,,,,,,,,
,,,,,,,,
,,,,,,,,
,,,,,,,,
